Workbook

Sheet Municipios
A1: REGION | B1: CÓDIGO DANE DEL DEPARTAMENTO | C1: DEPARTAMENTO | D1: CÓDIGO DANE DEL MUNICIPIO | E1: CÓDIGO DANE DEL MUNICIPIO | F1: MUNICIPIO | G1: MUNICIPIO, DPTO, CÓDIGO
A2: Región Eje Cafetero - Antioquia | B2: 5 | C2: Antioquia | D2: 5.002 | E2: =SUBSTITUTE(D2, ".", "",1) -> 5002 | F2: Abejorral | G2: =_xlfn.CONCAT(F2,", ",C2,", ",E2) -> Abejorral, Antioquia, 5002
A3: Región Centro Oriente | B3: 54 | C3: Norte de Santander | D3: 54.003 | E3: =SUBSTITUTE(D3, ".", "",1) -> 54003 | F3: Abrego | G3: =_xlfn.CONCAT(F3,", ",C3,", ",E3) -> Abrego, Norte de Santander, 54003
A4: Región Eje Cafetero - Antioquia | B4: 5 | C4: Antioquia | D4: 5.004 | E4: =SUBSTITUTE(D4, ".", "",1) -> 5004 | F4: Abriaquí | G4: =_xlfn.CONCAT(F4,", ",C4,", ",E4) -> Abriaquí, Antioquia, 5004
A5: Región Llano | B5: 50 | C5: Meta | D5: 50.006 | E5: =SUBSTITUTE(D5, ".", "",1) -> 50006 | F5: Acacias | G5: =_xlfn.CONCAT(F5,", ",C5,", ",E5) -> Acacias, Meta, 50006
A6: Región Pacífico | B6: 27 | C6: Chocó | D6: 27.006 | E6: =SUBSTITUTE(D6, ".", "",1) -> 27006 | F6: Acandí | G6: =_xlfn.CONCAT(F6,", ",C6,", ",E6) -> Acandí, Chocó, 27006
A7: Región Centro Sur | B7: 41 | C7: Huila | D7: 41.006 | E7: =SUBSTITUTE(D7, ".", "",1) -> 41006 | F7: Acevedo | G7: =_xlfn.CONCAT(F7,", ",C7,", ",E7) -> Acevedo, Huila, 41006
A8: Región Caribe | B8: 13 | C8: Bolívar | D8: 13.006 | E8: =SUBSTITUTE(D8, ".", "",1) -> 13006 | F8: Achí | G8: =_xlfn.CONCAT(F8,", ",C8,", ",E8) -> Achí, Bolívar, 13006
A9: Región Centro Sur | B9: 41 | C9: Huila | D9: 41.013 | E9: =SUBSTITUTE(D9, ".", "",1) -> 41013 | F9: Agrado | G9: =_xlfn.CONCAT(F9,", ",C9,", ",E9) -> Agrado, Huila, 41013
A10: Región Centro Oriente | B10: 25 | C10: Cundinamarca | D10: 25.001 | E10: =SUBSTITUTE(D10, ".", "",1) -> 25001 | F10: Agua de Dios | G10: =_xlfn.CONCAT(F10,", ",C10,", ",E10) -> Agua de Dios, Cundinamarca, 25001
A11: Región Caribe | B11: 20 | C11: Cesar | D11: 20.011 | E11: =SUBSTITUTE(D11, ".", "",1) -> 20011 | F11: Aguachica | G11: =_xlfn.CONCAT(F11,", ",C11,", ",E11) -> Aguachica, Cesar, 20011
A12: Región Centro Oriente | B12: 68 | C12: Santander | D12: 68.013 | E12: =SUBSTITUTE(D12, ".", "",1) -> 68013 | F12: Aguada | G12: =_xlfn.CONCAT(F12,", ",C12,", ",E12) -> Aguada, Santander, 68013
A13: Región Eje Cafetero - Antioquia | B13: 17 | C13: Caldas | D13: 17.013 | E13: =SUBSTITUTE(D13, ".", "",1) -> 17013 | F13: Aguadas | G13: =_xlfn.CONCAT(F13,", ",C13,", ",E13) -> Aguadas, Caldas, 17013
... A1124: Región Caribe | B1124: 47 | C1124: Magdalena | D1124: 47.98 | E1124: =SUBSTITUTE(D1124, ".", "",1) -> 4798 | F1124: Zona Bananera | G1124: =_xlfn.CONCAT(F1124,", ",C1124,", ",E1124) -> Zona Bananera, Magdalena, 4798

Sheet Popayan_Cali
A1: Hallar_Origen | B1: Filtrar_Origen | C1: Hallar_Destino | D1: Filtrar_Destino | F1: FORMATO PARA EL CARGUE DE LAS RUTAS CON SUS HORARIOS (Solo se permiten rutas desde y hacia Cali, Valle del Cauca) | G1: MEDE01.06.02.18.P07.I01
A2: =ISNUMBER(SEARCH(Popayan_Cali!$F$7,Municipios!G2,1)) -> FALSE | B2: {=_xlfn._xlws.FILTER(Municipios!G2:G1124,A2:A1122)} -> #VALUE! | C2: =ISNUMBER(SEARCH($F$8,Municipios!G2,1)) -> FALSE | D2: {=_xlfn._xlws.FILTER(Municipios!G2:G1124,C2:C1122)} -> #VALUE! | G2: VERSIÓN | H2: 1
A3: =ISNUMBER(SEARCH(Popayan_Cali!$F$7,Municipios!G3,1)) -> FALSE | C3: =ISNUMBER(SEARCH($F$8,Municipios!G3,1)) -> FALSE | G3: FECHA DE ENTRADA EN VIGENCIA | H3: dd/mmm/202x
A4: =ISNUMBER(SEARCH(Popayan_Cali!$F$7,Municipios!G4,1)) -> FALSE | C4: =ISNUMBER(SEARCH($F$8,Municipios!G4,1)) -> FALSE
A5: =ISNUMBER(SEARCH(Popayan_Cali!$F$7,Municipios!G5,1)) -> FALSE | C5: =ISNUMBER(SEARCH($F$8,Municipios!G5,1)) -> FALSE
A6: =ISNUMBER(SEARCH(Popayan_Cali!$F$7,Municipios!G6,1)) -> FALSE | C6: =ISNUMBER(SEARCH($F$8,Municipios!G6,1)) -> FALSE
A7: =ISNUMBER(SEARCH(Popayan_Cali!$F$7,Municipios!G7,1)) -> FALSE | C7: =ISNUMBER(SEARCH($F$8,Municipios!G7,1)) -> FALSE | E7: Municipio de origen*: | F7: Popayán, Cauca, 19001
A8: =ISNUMBER(SEARCH(Popayan_Cali!$F$7,Municipios!G8,1)) -> FALSE | C8: =ISNUMBER(SEARCH($F$8,Municipios!G8,1)) -> FALSE | E8: Municipio de destino*: | F8: Cali, Valle del Cauca, 76001
A9: =ISNUMBER(SEARCH(Popayan_Cali!$F$7,Municipios!G11,1)) -> FALSE | C9: =ISNUMBER(SEARCH($F$8,Municipios!G11,1)) -> FALSE | E9: Fecha inicio (dd-mm-aaaa)*: | F9: 45200
A10: =ISNUMBER(SEARCH(Popayan_Cali!$F$7,Municipios!G12,1)) -> FALSE | C10: =ISNUMBER(SEARCH($F$8,Municipios!G12,1)) -> FALSE | E10: Fecha fin (dd-mm-aaaa)*: | F10: 45220
A11: =ISNUMBER(SEARCH(Popayan_Cali!$F$7,Municipios!G13,1)) -> FALSE | C11: =ISNUMBER(SEARCH($F$8,Municipios!G13,1)) -> FALSE
A12: =ISNUMBER(SEARCH(Popayan_Cali!$F$7,Municipios!G14,1)) -> FALSE | C12: =ISNUMBER(SEARCH($F$8,Municipios!G14,1)) -> FALSE
A13: =ISNUMBER(SEARCH(Popayan_Cali!$F$7,Municipios!G15,1)) -> FALSE | C13: =ISNUMBER(SEARCH($F$8,Municipios!G15,1)) -> FALSE | E13: Fecha (dd-mm-aaaa) | F13: Horas (hh:mm, hh:mm, …) | G13: Tarifa ($COP)*: | H13: Duración del viaje (hh:mm)*:
A14: =ISNUMBER(SEARCH(Popayan_Cali!$F$7,Municipios!G16,1)) -> FALSE | C14: =ISNUMBER(SEARCH($F$8,Municipios!G16,1)) -> FALSE | E14: 45200 | F14: 09:11 | G14: 999999 | H14: 20:00
A15: =ISNUMBER(SEARCH(Popayan_Cali!$F$7,Municipios!G17,1)) -> FALSE | C15: =ISNUMBER(SEARCH($F$8,Municipios!G17,1)) -> FALSE | E15: 45219 | F15: 08:11 | G15: 999999 | H15: 20:00
A16: =ISNUMBER(SEARCH(Popayan_Cali!$F$7,Municipios!G18,1)) -> FALSE | C16: =ISNUMBER(SEARCH($F$8,Municipios!G18,1)) -> FALSE
A17: =ISNUMBER(SEARCH(Popayan_Cali!$F$7,Municipios!G19,1)) -> FALSE | C17: =ISNUMBER(SEARCH($F$8,Municipios!G19,1)) -> FALSE
A18: =ISNUMBER(SEARCH(Popayan_Cali!$F$7,Municipios!G20,1)) -> FALSE | C18: =ISNUMBER(SEARCH($F$8,Municipios!G20,1)) -> FALSE
A19: =ISNUMBER(SEARCH(Popayan_Cali!$F$7,Municipios!G21,1)) -> FALSE | C19: =ISNUMBER(SEARCH($F$8,Municipios!G21,1)) -> FALSE
A20: =ISNUMBER(SEARCH(Popayan_Cali!$F$7,Municipios!G22,1)) -> FALSE | C20: =ISNUMBER(SEARCH($F$8,Municipios!G22,1)) -> FALSE
A21: =ISNUMBER(SEARCH(Popayan_Cali!$F$7,Municipios!G23,1)) -> FALSE | C21: =ISNUMBER(SEARCH($F$8,Municipios!G23,1)) -> FALSE
A22: =ISNUMBER(SEARCH(Popayan_Cali!$F$7,Municipios!G24,1)) -> FALSE | C22: =ISNUMBER(SEARCH($F$8,Municipios!G24,1)) -> FALSE
A23: =ISNUMBER(SEARCH(Popayan_Cali!$F$7,Municipios!G25,1)) -> FALSE | C23: =ISNUMBER(SEARCH($F$8,Municipios!G25,1)) -> FALSE
A24: =ISNUMBER(SEARCH(Popayan_Cali!$F$7,Municipios!G26,1)) -> FALSE | C24: =ISNUMBER(SEARCH($F$8,Municipios!G26,1)) -> FALSE
A25: =ISNUMBER(SEARCH(Popayan_Cali!$F$7,Municipios!G27,1)) -> FALSE | C25: =ISNUMBER(SEARCH($F$8,Municipios!G27,1)) -> FALSE
A26: =ISNUMBER(SEARCH(Popayan_Cali!$F$7,Municipios!G28,1)) -> FALSE | C26: =ISNUMBER(SEARCH($F$8,Municipios!G28,1)) -> FALSE
A27: =ISNUMBER(SEARCH(Popayan_Cali!$F$7,Municipios!G29,1)) -> FALSE | C27: =ISNUMBER(SEARCH($F$8,Municipios!G29,1)) -> FALSE
... A1122: =ISNUMBER(SEARCH(Popayan_Cali!$F$7,Municipios!G1124,1)) -> FALSE | C1122: =ISNUMBER(SEARCH($F$8,Municipios!G1124,1)) -> FALSE
